name,Batting Average,conversion rate,weightage(1-5),score,Strike rate,conversion rate,weightage(1-5),score,Total Innings Batted,conversion rate,weightage(1-5),score,Total Innings Bowled,conversion rate,weightage(1-5),score,Economy,normalise,weightage(1-5),score,Bowling Strike Rate,conversion rate,weightage(1-5),score,final score,score %
TilakVarma,38.94736842,100,3,300,144.53125,0,4,0,25,94.11764706,2,188.2352941,3,0,3,0,6.666666667,100,4,400,0,100,4,400,1288.235294,64.41176471
RashidKhan,20.26666667,0,3,0,176.744186,63.82748929,4,255.3099572,26,100,2,200,46,100,3,300,7.216438356,82.23220302,4,328.9288121,17.4,0.571428571,4,2.285714286,1739.584562,86.9792281
DwayneBravo,23.33333333,16.41622837,3,49.2486851,166.6666667,43.85964919,4,175.4385968,9,0,2,0,21,41.86046512,3,125.5813953,8.363095238,45.17397123,4,180.6958849,13.6,22.28571429,4,89.14285714,1103.288279,55.16441395
PatCummins,22.28571429,10.80820007,3,32.42460022,195,100,4,400,10,5.882352941,2,11.76470588,12,20.93023256,3,62.79069767,9.760869565,0,4,0,17.5,0,4,0,869.0180912,43.45090456
,38.94736842,,,,195,,,,26,,,,46,,,,9.760869565,,,,17.5,,,,2000,
,20.26666667,,,,144.53125,,,,9,,,,3,,,,6.666666667,,,,0,,,,0,
